regime,universe,has_data,price>=50,above_200dma,score>0,liquid,eligible,held_before,selected,entries,exits,trades
CASH,42,0,0,0,0,0,0,0,0,0,0,0
CASH,42,0,0,0,0,0,0,0,0,0,0,0
CASH,42,0,0,0,0,0,0,0,0,0,0,0
CASH,43,0,0,0,0,0,0,0,0,0,0,0
CASH,43,0,0,0,0,0,0,0,0,0,0,0
CASH,43,0,0,0,0,0,0,0,0,0,0,0
CASH,43,0,0,0,0,0,0,0,0,0,0,0
CASH,43,0,0,0,0,0,0,0,0,0,0,0
CASH,43,0,0,0,0,0,0,0,0,0,0,0
RISK-ON,43,0,0,0,0,0,0,0,0,0,0,0
RISK-ON,43,0,0,0,0,0,0,0,0,0,0,0
CASH,43,0,0,0,0,0,0,0,0,0,0,0
RISK-ON,43,43,42,29,27,27,24,0,10,10,0,10
RISK-ON,43,43,42,32,32,32,28,10,10,2,2,4
RISK-ON,43,43,42,33,31,31,28,10,10,0,0,0
RISK-ON,43,43,42,33,30,30,27,10,10,0,0,0
RISK-ON,43,43,42,33,30,30,27,10,10,2,2,4
RISK-ON,43,43,43,31,27,27,24,10,10,1,1,2
RISK-ON,43,43,43,36,28,28,25,10,10,1,1,2
RISK-ON,43,43,43,36,32,32,28,10,10,2,2,4
RISK-ON,45,45,45,35,32,32,28,10,10,2,2,4
RISK-ON,45,45,45,39,34,34,30,10,10,0,0,0
RISK-ON,45,45,45,38,36,36,32,10,10,0,0,0
RISK-ON,45,45,45,38,35,35,31,10,10,0,0,0
RISK-ON,45,45,45,38,35,35,31,10,10,3,3,6
RISK-ON,45,45,45,28,27,27,24,10,10,3,3,6
CASH,45,45,45,21,21,21,0,10,0,0,10,10
RISK-ON,46,46,46,30,25,25,22,0,10,10,0,10
RISK-ON,46,46,46,23,22,22,19,10,10,2,2,4
RISK-ON,46,46,46,21,18,18,16,10,10,0,0,0
RISK-ON,46,46,46,28,21,21,19,10,10,0,0,0
RISK-ON,46,46,46,34,30,30,27,10,10,0,0,0
RISK-ON,48,48,48,24,24,24,21,10,10,5,5,10
CASH,48,48,48,18,17,17,0,10,0,0,10,10
RISK-ON,48,48,48,21,19,19,17,0,10,10,0,10
RISK-ON,48,48,48,24,19,19,17,10,10,2,2,4
CASH,48,48,47,18,16,16,0,10,0,0,10,10
CASH,48,48,48,18,16,16,0,0,0,0,0,0
RISK-ON,48,48,48,29,19,19,17,0,10,10,0,10
RISK-ON,49,49,49,33,23,23,20,10,10,0,0,0
RISK-ON,49,49,48,30,22,22,19,10,10,0,0,0
RISK-ON,49,49,49,27,26,26,23,10,10,3,3,6
CASH,49,49,48,21,18,18,0,10,0,0,10,10
CASH,49,49,48,18,10,10,0,0,0,0,0,0
RISK-ON,49,49,47,27,21,21,19,0,10,10,0,10
RISK-ON,49,49,48,31,25,25,22,10,10,2,2,4
RISK-ON,49,49,48,30,24,24,21,10,10,1,1,2
RISK-ON,49,49,47,29,21,21,19,10,10,1,1,2
RISK-ON,49,49,47,26,24,24,21,10,10,1,1,2
CASH,49,49,47,13,12,12,0,10,0,0,10,10
CASH,48,48,47,5,5,5,0,0,0,0,0,0
CASH,48,48,47,11,6,6,0,0,0,0,0,0
CASH,48,48,47,12,10,10,0,0,0,0,0,0
CASH,48,48,47,18,11,11,0,0,0,0,0,0
RISK-ON,48,48,47,25,17,17,15,0,10,10,0,10
RISK-ON,48,48,47,32,24,24,21,10,10,1,1,2
RISK-ON,50,50,48,28,20,20,18,10,10,5,5,10
RISK-ON,50,50,49,35,18,18,16,10,10,2,2,4
RISK-ON,51,51,51,48,22,22,19,10,10,1,1,2
RISK-ON,51,51,51,51,34,34,30,10,10,0,0,0
RISK-ON,51,51,51,48,36,36,32,10,10,2,2,4
RISK-ON,51,51,51,46,37,37,33,10,10,1,1,2
RISK-ON,50,50,50,45,43,43,38,10,10,5,5,10
RISK-ON,50,50,50,44,43,43,38,10,10,1,1,2
RISK-ON,50,50,50,47,45,45,40,10,10,3,3,6
RISK-ON,50,50,50,48,46,46,41,10,10,2,2,4
RISK-ON,50,50,50,40,39,39,35,10,10,2,2,4
RISK-ON,50,50,50,45,43,43,38,10,10,1,1,2
RISK-ON,50,50,50,48,48,48,43,10,10,0,0,0
RISK-ON,50,50,50,43,43,43,38,10,10,3,3,6
RISK-ON,50,50,50,34,34,34,30,10,10,2,2,4
RISK-ON,50,50,50,34,32,32,28,10,10,2,2,4
RISK-ON,50,50,50,31,30,30,27,10,10,4,4,8
CASH,50,50,50,23,23,23,0,10,0,0,10,10
RISK-ON,50,50,50,28,27,27,24,0,10,10,0,10
CASH,50,50,50,21,20,20,0,10,0,0,10,10
CASH,50,50,50,17,13,13,0,0,0,0,0,0
CASH,50,50,50,10,8,8,0,0,0,0,0,0
RISK-ON,50,50,50,27,15,15,13,0,10,10,0,10
RISK-ON,50,50,50,35,25,25,22,10,10,1,1,2
RISK-ON,50,50,50,30,20,20,18,10,10,1,1,2
RISK-ON,50,50,50,37,22,22,19,10,10,1,1,2
RISK-ON,50,50,50,46,29,29,26,10,10,0,0,0
RISK-ON,50,50,50,36,28,28,25,10,10,0,0,0
RISK-ON,50,50,50,36,24,24,21,10,10,3,3,6
CASH,50,50,50,21,17,17,0,10,0,0,10,10
CASH,50,50,50,24,17,17,0,0,0,0,0,0
RISK-ON,50,50,50,31,22,22,19,0,10,10,0,10
RISK-ON,50,50,50,40,33,33,29,10,10,1,1,2
RISK-ON,50,50,50,43,41,41,37,10,10,1,1,2
RISK-ON,50,50,50,47,41,41,37,10,10,2,2,4
RISK-ON,50,50,50,43,36,36,32,10,10,4,4,8
RISK-ON,50,50,50,45,37,37,33,10,10,2,2,4
RISK-ON,50,50,50,38,36,36,32,10,10,1,1,2
RISK-ON,50,50,50,47,34,34,30,10,10,0,0,0
RISK-ON,50,50,50,50,43,43,38,10,10,1,1,2
RISK-ON,50,50,50,42,41,41,37,10,10,2,2,4
RISK-ON,50,50,50,41,41,41,37,10,10,1,1,2
RISK-ON,50,50,50,42,42,42,37,10,10,2,2,4
RISK-ON,50,50,50,39,39,39,35,10,10,1,1,2
RISK-ON,50,50,50,33,31,31,28,10,10,2,2,4
RISK-ON,50,50,50,43,39,39,35,10,10,2,2,4
RISK-ON,50,50,50,46,40,40,36,10,10,0,0,0
RISK-ON,50,50,50,48,46,46,41,10,10,3,3,6
RISK-ON,52,52,52,51,50,50,45,10,10,1,1,2
RISK-ON,52,52,52,33,33,33,29,10,10,4,4,8
RISK-ON,52,52,52,26,25,25,22,10,10,5,5,10
CASH,52,52,52,19,18,18,0,10,0,0,10,10
CASH,52,52,52,21,17,17,0,0,0,0,0,0
CASH,52,52,52,8,8,8,0,0,0,0,0,0
CASH,52,52,52,15,13,13,0,0,0,0,0,0
RISK-ON,52,52,52,27,19,19,17,0,10,10,0,10
RISK-ON,52,52,52,27,21,21,19,10,10,1,1,2
RISK-ON,52,52,52,35,23,23,20,10,10,0,0,0
RISK-ON,52,52,52,32,19,19,17,10,10,1,1,2
RISK-ON,52,52,52,34,16,16,14,10,10,1,1,2
RISK-ON,52,52,52,32,11,11,10,10,10,5,5,10
RISK-ON,52,52,52,39,27,27,24,10,10,1,1,2
RISK-ON,52,52,52,42,33,33,29,10,10,5,5,10
RISK-ON,52,52,52,40,33,33,29,10,10,2,2,4
RISK-ON,52,52,52,30,24,24,21,10,10,4,4,8
CASH,52,52,52,32,31,31,0,10,0,0,10,10
CASH,52,52,52,10,10,10,0,0,0,0,0,0
CASH,52,52,52,24,16,16,0,0,0,0,0,0
CASH,52,52,52,22,21,21,0,0,0,0,0,0
CASH,52,52,52,23,20,20,0,0,0,0,0,0
CASH,52,52,52,24,17,17,0,0,0,0,0,0
