engine,fy,stcg,ltcg,tax
ROTATION,2017,62554.34041908865,82342.00509299291,22803.618720441846
ROTATION,2018,0.0,0.0,0.0
ROTATION,2019,0.0,0.0,0.0
ROTATION,2020,46575.208233004916,0.0,9315.041646600983
ROTATION,2021,100533.06331837014,518431.08922480646,84910.49881677484
ROTATION,2022,145890.52766403803,0.0,29178.105532807607
ROTATION,2023,287608.1073849357,0.0,57521.621476987144
ROTATION,2024,740657.3361520414,366493.21402190824,193943.11898314685
ROTATION,2025,138708.3684160396,0.0,27741.67368320792
