engine,symbol,entry_date,exit_date,entry_price,exit_price,qty,reason,gross_pnl,brokerage,stt,exchange_txn,sebi_fee,stamp_duty,gst,dp_charge,statutory_cost,slippage,net_pnl,bars_held
ROTATION,ONGC,2017-01-31,2017-04-28,202.5500030517578,186.5500030517578,372,REBALANCE_EXIT,-5952.0,0.0,144.7452022705078,4.298932507434082,0.1447452022705078,11.302290170288085,0.7998619877468262,15.93,177.22103213824732,72.3726011352539,-6201.593633273501,87
ROTATION,BPCL,2017-01-31,2017-04-28,227.21665954589844,239.75,266,REBALANCE_EXIT,3333.8685607910156,0.0,124.21313143920898,3.6891300037445065,0.12421313143920898,9.065944715881347,0.6864017643330688,15.93,153.7088210546071,62.10656571960449,3118.053174016804,87
ROTATION,POWERGRID,2017-01-31,2017-05-31,116.5500259399414,116.9719009399414,550,REBALANCE_EXIT,232.03125,0.0,128.43705978393555,3.814580675582886,0.12843705978393555,9.615377140045165,0.7097431923660278,15.93,158.6351978517136,64.21852989196778,9.177522256318625,120
ROTATION,YESBANK,2017-01-31,2017-06-30,279.20001220703125,292.70001220703125,164,REBALANCE_EXIT,2214.0,0.0,93.79160400390626,2.7856106389160153,0.09379160400390624,6.868320300292968,0.5182924037255859,15.93,119.98761895084473,46.89580200195313,2047.1165790472023,150
ROTATION,VEDL,2017-01-31,2017-07-31,253.10000610351562,279.8500061035156,148,REBALANCE_EXIT,3959.0,0.0,78.87660180664062,2.3426350736572266,0.07887660180664062,5.618820135498046,0.4358721015834961,15.93,103.28280571918604,39.43830090332031,3816.2788933774937,181
ROTATION,HINDALCO,2017-01-31,2017-07-31,189.9499969482422,219.64999389648438,186,REBALANCE_EXIT,5524.199432373047,0.0,76.18559829711914,2.2627122694244384,0.07618559829711914,5.299604914855957,0.4210016161898803,15.93,100.17510269588652,38.09279914855957,5385.931530528601,181
ROTATION,GAIL,2017-05-31,2017-07-31,103.5000228881836,94.1875228881836,552,REBALANCE_EXIT,-5140.5,0.0,109.12352526855469,3.240968700476074,0.10912352526855468,8.5698018951416,0.6030166006340332,15.93,137.57643599007497,54.56176263427734,-5332.638198624352,61
ROTATION,IOC,2017-01-31,2017-08-31,122.13333129882812,151.56666564941406,380,REBALANCE_EXIT,11184.667053222656,0.0,104.00599884033204,3.0889781655578616,0.10400599884033203,6.961599884033203,0.5747371495916748,15.93,130.6653200383551,52.00299942016602,11001.998733764134,212
ROTATION,FEDERALBNK,2017-04-28,2017-09-29,107.5999984741211,112.6500015258789,307,REBALANCE_EXIT,1550.3509368896484,0.0,67.61675,2.0082174750000004,0.06761675,4.954979929733276,0.3736501605,15.93,90.95121431523327,33.808375,1425.591347574415,154
ROTATION,ASTRAL,2017-07-31,2017-09-29,281.1150817871094,332.4375915527344,119,REBALANCE_EXIT,6107.378662109375,0.0,73.0127681274414,2.1684792133850097,0.0730127681274414,5.017904209899902,0.40346855667224124,15.93,96.605632875526,36.5063840637207,5974.266645170129,60
ROTATION,HINDUNILVR,2017-07-31,2017-09-29,1155.75,1173.9000244140625,53,REBALANCE_EXIT,961.9512939453125,0.0,123.47145129394531,3.667102103430176,0.12347145129394531,9.188212499999999,0.6823032398503418,15.93,153.06254058851977,61.735725646972654,747.15302770982,60
ROTATION,RELIANCE,2017-08-31,2017-09-29,364.47589111328125,357.001220703125,135,REBALANCE_EXIT,-1009.0805053710938,0.0,97.39941009521485,2.892762479827881,0.09739941009521483,7.380636795043944,0.5382291401861572,15.93,124.23843792036804,48.699705047607424,-1182.0186483390694,29
ROTATION,INDUSINDBK,2017-06-30,2018-01-31,1478.949951171875,1753.0999755859375,48,REBALANCE_EXIT,13159.201171875,0.0,155.138396484375,4.607610375585938,0.155138396484375,10.648439648437499,0.8572947789726562,15.93,187.33687968385547,77.5691982421875,12894.295093948958,215
ROTATION,TATASTEEL,2017-10-31,2018-02-28,67.05360412597656,67.16000366210938,809,REBALANCE_EXIT,86.07722473144531,0.0,108.57880870056152,3.2247906184066775,0.10857880870056152,8.136954860687256,0.6000064968793029,15.93,136.57913948523532,54.28940435028076,-104.79131910407077,120
ROTATION,ASTRAL,2017-10-31,2018-02-28,342.76507568359375,407.9476013183594,190,REBALANCE_EXIT,12384.679870605469,0.0,142.6354086303711,4.236271636322021,0.1426354086303711,9.768804656982422,0.7882032680914306,15.93,173.5013236003973,71.31770431518555,12139.860842689885,120
ROTATION,BAJFINANCE,2017-10-31,2018-02-28,180.05999755859375,164.02499389648438,219,REBALANCE_EXIT,-3511.665802001953,0.0,75.35461312866211,2.2380320099212647,0.0753546131286621,5.914970919799805,0.41640959214898676,15.93,99.92938026366082,37.677306564331055,-3649.272488829945,120
ROTATION,GODREJPROP,2017-10-31,2018-02-28,679.2999877929688,780.2000122070312,7,REBALANCE_EXIT,706.3001708984375,0.0,10.2165,0.30343005,0.0102165,0.7132649871826171,0.056456379,15.93,27.229867916182616,5.10825,673.9620529822549,120
ROTATION,SOLARINDS,2018-01-31,2018-02-28,1069.1500244140625,1026.949951171875,70,REBALANCE_EXIT,-2954.005126953125,0.0,146.72699829101563,4.357791849243164,0.14672699829101563,11.226075256347656,0.8108133925561523,15.93,179.19840578745362,73.36349914550782,-3206.5670318860866,28
ROTATION,BALKRISIND,2017-01-31,2018-03-28,560.9000244140625,1068.6500244140625,52,REBALANCE_EXIT,26403.0,0.0,84.7366025390625,2.5166770954101563,0.0847366025390625,4.375020190429687,0.4682544656308594,15.93,108.11129089307227,42.36830126953125,26252.520407837394,421
ROTATION,MARUTI,2017-01-31,2018-03-28,5894.25,8861.099609375,9,REBALANCE_EXIT,26701.646484375,0.0,132.798146484375,3.9441049505859374,0.132798146484375,7.9572375,0.7338425574726561,15.93,161.49612963891798,66.3990732421875,26473.751281493893,421
ROTATION,TVSMOTOR,2017-01-31,2018-03-28,386.20001220703125,619.2999877929688,128,REBALANCE_EXIT,29836.796875,0.0,128.704,3.8225088,0.12870399999999999,7.415040234375,0.711218304,15.93,156.711471338375,64.352,29615.733403661627,421
ROTATION,HDFCBANK,2017-04-28,2018-03-28,386.625,471.5249938964844,212,REBALANCE_EXIT,17998.798706054688,0.0,181.9277987060547,5.403255621569825,0.1819277987060547,12.294675,1.005333015649658,15.93,216.74299014198021,90.96389935302734,17691.091816559678,334
ROTATION,HINDUNILVR,2017-10-31,2018-03-28,1237.449951171875,1333.3499755859375,58,REBALANCE_EXIT,5562.201416015625,0.0,149.10639575195313,4.428459953833007,0.1491063957519531,10.76581457519531,0.8239619429252929,15.93,181.20373861965868,74.55319787597657,5306.44447951999,148
ROTATION,MARUTI,2018-04-30,2018-05-31,8814.9501953125,8537.2001953125,9,REBALANCE_EXIT,-2499.75,0.0,156.169353515625,4.638229799414063,0.156169353515625,11.900182763671873,0.8629918475273437,15.93,189.65692727975392,78.0846767578125,-2767.491604037566,31
ROTATION,ASHOKLEY,2018-04-30,2018-06-29,82.2249984741211,62.900001525878906,790,REBALANCE_EXIT,-15266.747589111328,0.0,114.64875,3.4050678750000003,0.11464875,9.743662319183349,0.6335489925,15.93,144.47567793668335,57.324375,-15468.547642048012,60
ROTATION,DEEPAKNTR,2018-04-30,2018-07-31,269.20001220703125,241.64999389648438,170,REBALANCE_EXIT,-4683.503112792969,0.0,86.84450103759767,2.5792816808166505,0.08684450103759767,6.864600311279296,0.4799027127337646,15.93,112.78513024346496,43.42225051879883,-4839.7104935552325,92
ROTATION,CHOLAFIN,2018-04-30,2018-08-31,348.2900085449219,295.2300109863281,171,REBALANCE_EXIT,-9073.259582519531,0.0,110.04192333984375,3.26824512319336,0.11004192333984375,8.933638719177246,0.6080916683759765,15.93,138.89194077393017,55.020961669921874,-9267.172484963383,123
ROTATION,TITAN,2018-04-30,2018-09-28,981.7999877929688,805.5999755859375,72,REBALANCE_EXIT,-12686.40087890625,0.0,128.69279736328124,3.822176081689453,0.12869279736328126,10.603439868164061,0.7111563982294922,15.93,159.88826250872756,64.34639868164062,-12910.635540096619,151
ROTATION,KOTAKBANK,2018-06-29,2018-09-28,268.5899963378906,228.32000732421875,348,REBALANCE_EXIT,-14013.956176757812,0.0,172.92468127441407,5.135863033850098,0.17292468127441407,14.02039780883789,0.9555817887224121,15.93,209.13944858709885,86.46234063720703,-14309.557965982118,91
ROTATION,PAGEIND,2018-07-31,2018-09-28,29053.30078125,32885.1015625,2,REBALANCE_EXIT,7663.6015625,0.0,123.8768046875,3.67914109921875,0.1238768046875,8.715990234374999,0.684543222703125,15.93,153.01035604848437,61.93840234375,7448.652804107766,59
ROTATION,TCS,2018-07-31,2018-09-28,1940.199951171875,2183.699951171875,12,REBALANCE_EXIT,2922.0,0.0,49.486798828125,1.4697579251953123,0.049486798828125,3.4923599121093747,0.2734640503242187,15.93,70.70186751458203,24.7433994140625,2826.5547330713557,59
ROTATION,BAJFINANCE,2018-08-31,2018-09-28,285.6600036621094,216.8000030517578,173,REBALANCE_EXIT,-11912.78010559082,0.0,86.92558116149903,2.5816897604965208,0.08692558116149901,7.412877095031738,0.4803507614984436,15.93,113.41742435968722,43.46279058074951,-12069.660320531259,28
ROTATION,JUBLFOOD,2018-04-30,2018-10-31,254.02499389648438,216.6999969482422,271,REBALANCE_EXIT,-10115.074172973633,0.0,127.5664725189209,3.7887242338119504,0.1275664725189209,10.326116001892089,0.7049323271395568,15.93,158.4438115542834,63.78323625946045,-10337.301220787376,184
ROTATION,COFORGE,2018-04-30,2018-10-31,232.4199981689453,245.50999450683594,155,REBALANCE_EXIT,2028.9494323730469,0.0,74.07914886474609,2.200150721282959,0.07407914886474609,5.4037649574279785,0.4093613766265869,15.93,98.09650506894837,37.039574432373044,1893.8133528717256,184
ROTATION,ASTRAL,2018-04-30,2018-10-31,427.5901184082031,441.60760498046875,133,REBALANCE_EXIT,1864.3257141113281,0.0,115.60329721069337,3.433417927157593,0.11560329721069335,8.530422862243652,0.6388238203862915,15.93,144.2515651176916,57.801648605346685,1662.27250038829,184
ROTATION,TECHM,2018-04-30,2018-10-31,670.5999755859375,743.9000244140625,82,REBALANCE_EXIT,6010.60400390625,0.0,115.989,3.4448733000000002,0.115989,8.24837969970703,0.6409552139999999,15.93,144.36919721370703,57.9945,5808.2403066925435,184
ROTATION,HINDUNILVR,2018-04-30,2018-10-31,1508.9000244140625,1621.699951171875,65,REBALANCE_EXIT,7331.9952392578125,0.0,203.48899841308594,6.043623252868652,0.20348899841308593,14.711775238037108,1.1244802052307128,15.93,241.50236610763548,101.74449920654297,6988.748373943634,184
ROTATION,COFORGE,2018-11-30,2019-01-31,217.9600067138672,262.1499938964844,185,REBALANCE_EXIT,8175.14762878418,0.0,88.82035011291504,2.637964398353577,0.08882035011291503,6.048390186309814,0.49082125472396854,15.93,114.01634630241533,44.41017505645752,8016.721107425306,62
ROTATION,INFY,2018-11-30,2019-01-31,667.4500122070312,749.5499877929688,100,REBALANCE_EXIT,8209.99755859375,0.0,141.7,4.208489999999999,0.1417,10.011750183105468,0.7830341999999999,15.93,172.77497438310547,70.85,7966.372584210644,62
ROTATION,TCS,2018-11-30,2019-01-31,1968.25,2014.0999755859375,31,REBALANCE_EXIT,1421.3492431640625,0.0,123.45284924316407,3.6665496225219725,0.12345284924316406,9.152362499999999,0.6822004449177246,15.93,153.00741465984692,61.726424621582034,1206.6154038826335,62
ROTATION,TORNTPHARM,2018-11-30,2019-01-31,886.9000244140625,909.4000244140625,68,REBALANCE_EXIT,1530.0,0.0,122.1484033203125,3.6278075786132815,0.12214840332031249,9.046380249023438,0.6749920767480468,15.93,151.54973162801758,61.07420166015625,1317.3760667118263,62
ROTATION,DRREDDY,2018-11-30,2019-01-31,544.4400024414062,544.1599731445312,101,REBALANCE_EXIT,-28.282958984375,0.0,109.9485975341797,3.2654733467651367,0.10994859753417968,8.248266036987303,0.607575949973877,15.93,138.1098614654402,54.97429876708985,-221.36711921690505,62
ROTATION,HINDUNILVR,2018-11-30,2019-01-31,1754.0,1763.25,40,REBALANCE_EXIT,370.0,0.0,140.69,4.178493,0.14068999999999998,10.524,0.7774529400000001,15.93,172.24063594,70.345,127.41436406,62
ROTATION,AUROPHARMA,2018-11-30,2019-01-31,810.7000122070312,787.7999877929688,59,REBALANCE_EXIT,-1351.1014404296875,0.0,94.3115,2.8010515500000004,0.09431149999999999,7.174695108032226,0.521165349,15.93,120.83272350703221,47.15575,-1519.0899139367195,62
ROTATION,PIDILITIND,2018-12-31,2019-01-31,553.9249877929688,559.875,96,REBALANCE_EXIT,571.201171875,0.0,106.924798828125,3.1756665251953127,0.106924798828125,7.976519824218749,0.5908664383242188,15.93,134.70477641469142,53.4623994140625,383.0339960462461,31
ROTATION,HAVELLS,2018-12-31,2019-01-31,691.5,713.4500122070312,83,REBALANCE_EXIT,1821.8510131835938,0.0,116.6108510131836,3.463342275091553,0.11661085101318358,8.609174999999999,0.6443915626988526,15.93,145.37437070198717,58.3054255065918,1618.1712169750149,31
ROTATION,ICICIBANK,2018-12-31,2019-01-31,360.1499938964844,364.45001220703125,153,REBALANCE_EXIT,657.9028015136719,0.0,110.8638009338379,3.2926548877349853,0.11086380093383788,8.265442359924316,0.6126333639603881,15.93,139.07539534639142,55.43190046691895,463.3955057003616,31
ROTATION,WIPRO,2019-03-28,2019-04-30,127.375,149.27499389648438,397,REBALANCE_EXIT,8694.297576904297,0.0,109.83004757690429,3.2619524130340576,0.10983004757690429,7.58518125,0.6069208429099731,15.93,137.32393213042525,54.915023788452146,8502.058620985421,33
ROTATION,TIINDIA,2019-03-28,2019-04-30,383.25,380.3999938964844,103,REBALANCE_EXIT,-293.5506286621094,0.0,78.6559493713379,2.336081696328735,0.07865594937133788,5.921212499999999,0.43465277622601317,15.93,103.35655229326396,39.32797468566895,-436.2351556410423,33
ROTATION,TORNTPHARM,2019-03-28,2019-05-31,966.7249755859375,782.4249877929688,78,REBALANCE_EXIT,-14375.399047851562,0.0,136.4336971435547,4.052080805163574,0.1364336971435547,11.310682214355468,0.7539326104152833,15.93,168.61682647063256,68.21684857177735,-14612.232722893972,64
ROTATION,TECHM,2019-03-28,2019-06-28,771.7000122070312,706.5999755859375,71,REBALANCE_EXIT,-4622.102600097656,0.0,104.95929913330079,3.117291184259033,0.10495929913330078,8.218605130004882,0.5800050870106201,15.93,132.91015983370863,52.479649566650394,-4807.492409498015,92
ROTATION,TITAN,2019-03-28,2019-07-31,1134.25,1056.3499755859375,66,REBALANCE_EXIT,-5141.401611328125,0.0,144.57959838867188,4.294014072143555,0.14457959838867185,11.229074999999998,0.7989468606958008,15.93,176.9762139198999,72.28979919433594,-5390.667624442361,125
ROTATION,INFY,2019-03-28,2019-07-31,737.7999877929688,793.6500244140625,97,REBALANCE_EXIT,5417.453552246094,0.0,148.55065118408203,4.411954340167236,0.14855065118408203,10.734989822387695,0.8208908984432373,15.93,180.59703689626429,74.27532559204101,5162.581189757789,125
ROTATION,BAJFINANCE,2019-03-28,2019-07-31,299.5849914550781,325.2049865722656,190,REBALANCE_EXIT,4867.799072265625,0.0,118.71009582519531,3.5256898460083006,0.11871009582519532,8.538172256469727,0.6559919895300292,15.93,147.47866001302856,59.355047912597655,4660.965364339999,125
ROTATION,AXISBANK,2019-03-28,2019-07-31,780.7000122070312,674.0999755859375,75,REBALANCE_EXIT,-7995.002746582031,0.0,109.10999908447266,3.2405669728088378,0.10910999908447265,8.782875137329102,0.6029418549407959,15.93,137.7754930486359,54.55499954223633,-8187.333239172904,125
ROTATION,HAVELLS,2019-03-28,2019-07-31,760.5499877929688,645.2999877929688,72,REBALANCE_EXIT,-8298.0,0.0,101.2211982421875,3.0062695877929686,0.10122119824218749,8.213939868164061,0.5593483414863281,15.93,129.03197723787306,50.61059912109375,-8477.642576358967,125
ROTATION,RELIANCE,2019-04-30,2019-07-31,636.7412719726562,533.1702880859375,91,REBALANCE_EXIT,-9424.959533691406,0.0,106.46195196533203,3.1619199733703613,0.10646195196533202,8.691518362426757,0.5883087465604249,15.93,134.9401609996549,53.23097598266602,-9613.130670673727,92
ROTATION,PIIND,2019-04-30,2019-07-31,1044.1500244140625,1099.6500244140625,60,REBALANCE_EXIT,3330.0,0.0,128.6280029296875,3.8202516870117185,0.12862800292968748,9.397350219726562,0.710798344189453,15.93,158.61503118354491,64.31400146484376,3107.070967351611,92
ROTATION,MUTHOOTFIN,2019-04-30,2019-07-31,597.0,607.9500122070312,75,REBALANCE_EXIT,821.2509155273438,0.0,90.37125091552734,2.684026152191162,0.09037125091552733,6.71625,0.4993915325592041,15.93,116.29128985119324,45.18562545776367,659.7740002183868,92
ROTATION,WIPRO,2019-05-31,2019-07-31,143.1999969482422,132.64999389648438,437,REBALANCE_EXIT,-4610.351333618164,0.0,120.5464459991455,3.580229446174622,0.1205464459991455,9.386759799957275,0.6661396605912782,15.93,150.23012135186784,60.27322299957275,-4820.854677969604,61
ROTATION,SRF,2019-06-28,2019-07-31,608.530029296875,540.3599853515625,80,REBALANCE_EXIT,-5453.603515625,0.0,91.911201171875,2.7297626748046877,0.091911201171875,7.302360351562499,0.5079012976757813,15.93,118.47313669708984,45.9556005859375,-5618.032252908028,33
ROTATION,PIDILITIND,2019-09-30,2019-11-29,721.875,651.5,82,REBALANCE_EXIT,-5770.75,0.0,112.61675,3.344717475,0.11261674999999999,8.8790625,0.6223201604999999,15.93,141.50546688550003,56.308375,-5968.5638418855,60
ROTATION,SRF,2019-09-30,2019-11-29,550.3900146484375,640.3300170898438,70,REBALANCE_EXIT,6295.8001708984375,0.0,83.3504022216797,2.4755069459838865,0.08335040222167968,5.779095153808593,0.4605943226770019,15.93,108.07894904637085,41.67520111083985,6146.046020741226,60
ROTATION,MUTHOOTFIN,2019-09-30,2020-01-31,675.9000244140625,762.6500244140625,68,REBALANCE_EXIT,5899.0,0.0,97.8214033203125,2.905295678613281,0.0978214033203125,6.894180249023437,0.5405610747480467,15.93,124.18926172601758,48.91070166015625,5725.900036613826,123
ROTATION,KOTAKBANK,2019-09-30,2020-01-31,328.8900146484375,338.3500061035156,181,REBALANCE_EXIT,1712.2584533691406,0.0,120.77044375610352,3.5868821795562744,0.12077044375610352,8.929363897705077,0.667377472196228,15.93,150.0048377493172,60.38522187805176,1501.8683937417718,123
ROTATION,HINDUNILVR,2019-09-30,2020-01-31,1981.949951171875,2034.25,34,REBALANCE_EXIT,1778.20166015625,0.0,136.55079833984377,4.05555871069336,0.13655079833984374,10.10794475097656,0.7545797116259765,15.93,167.5354323114795,68.27539916992188,1542.3908286748485,123
ROTATION,BPCL,2019-11-29,2020-01-31,255.77499389648438,228.47500610351562,143,REBALANCE_EXIT,-3903.8982543945312,0.0,69.24775,2.056658175,0.06924775,5.48637361907959,0.3826630664999999,15.93,93.17269261057959,34.623875,-4031.694822005111,63
ROTATION,BAJFINANCE,2019-11-29,2020-01-31,407.4200134277344,436.5899963378906,128,REBALANCE_EXIT,3733.7578125,0.0,108.03328125,3.208588453125,0.10803328125,7.822464257812499,0.5969919121875,15.93,135.699359154375,54.016640625,3544.041812720625,63
ROTATION,NESTLEIND,2019-09-30,2020-02-28,694.4824829101562,788.9425048828125,98,REBALANCE_EXIT,9257.082153320312,0.0,145.37564880371093,4.317656769470215,0.14537564880371096,10.208892498779296,0.8033458352893066,15.93,176.78091955605345,72.68782440185547,9007.613409362404,151
ROTATION,TRENT,2019-09-30,2020-02-28,483.8999938964844,737.2000122070312,99,REBALANCE_EXIT,25076.70181274414,0.0,120.88890060424805,3.590400347946167,0.12088890060424805,7.1859149093627925,0.6680320647390747,15.93,148.38413682690035,60.444450302124025,24867.87322561512,151
ROTATION,PIIND,2019-09-30,2020-02-28,1307.050048828125,1531.25,44,REBALANCE_EXIT,9864.7978515625,0.0,124.8852021484375,3.7090905038085937,0.12488520214843749,8.626530322265625,0.6901156270722655,15.93,153.9658238037324,62.44260107421875,9648.38942668455,151
ROTATION,ASIANPAINT,2019-09-30,2020-02-28,1762.1500244140625,1797.949951171875,33,REBALANCE_EXIT,1181.3975830078125,0.0,117.48329919433594,3.4892539860717773,0.11748329919433594,8.722642620849609,0.6492127113479004,15.93,146.39189181179958,58.74164959716797,976.264041598845,151
ROTATION,COFORGE,2019-09-30,2020-02-28,278.9800109863281,337.95001220703125,229,REBALANCE_EXIT,13504.130279541016,0.0,141.2769753112793,4.195926166744995,0.1412769753112793,9.58296337738037,0.7806965655701293,15.93,171.90783839628605,70.63848765563965,13261.58395348909,151
ROTATION,NESTLEIND,2020-07-31,2020-08-31,826.1099853515625,797.4774780273438,109,REBALANCE_EXIT,-3120.9432983398438,0.0,176.97103350830076,5.256039695196533,0.1769710335083008,13.506898260498046,0.9779419311668701,15.93,212.81888442867051,88.48551675415038,-3422.247699522665,31
ROTATION,DEEPAKNTR,2020-07-31,2020-09-30,643.1500244140625,821.2000122070312,85,REBALANCE_EXIT,15134.248962402344,0.0,124.46975311279297,3.696751667449951,0.12446975311279296,8.200162811279297,0.687819855701294,15.93,153.1089572003363,62.234876556396486,14918.90512864561,61
ROTATION,CIPLA,2020-07-31,2020-09-30,720.1500244140625,774.7000122070312,97,REBALANCE_EXIT,5291.348815917969,0.0,145.00045355224609,4.306513470501709,0.14500045355224608,10.478182855224608,0.8012725063297119,15.93,176.6614228378544,72.50022677612304,5042.187166303991,61
ROTATION,BHARTIARTL,2020-07-31,2020-09-30,544.6246948242188,413.19232177734375,106,REBALANCE_EXIT,-13931.83154296875,0.0,101.52860375976563,3.015399531665039,0.10152860375976562,8.659532647705078,0.5610470643764649,15.93,129.796111607272,50.764301879882815,-14112.391956455906,61
ROTATION,PERSISTENT,2020-08-31,2020-09-30,479.125,670.625,103,REBALANCE_EXIT,19724.5,0.0,118.42425,3.517200225,0.11842424999999998,7.402481249999999,0.6544124055,15.93,146.04676813050003,59.212125,19519.2411068695,30
ROTATION,RELIANCE,2020-08-31,2020-09-30,960.2427368164062,1031.1522216796875,67,REBALANCE_EXIT,4750.935485839844,0.0,133.42346221923827,3.962676827911377,0.1334234622192383,9.650439505004883,0.7372980522235106,15.93,163.8373000665973,66.71173110961914,4520.386454663628,30
ROTATION,TORNTPHARM,2020-07-31,2020-11-27,1331.800048828125,1307.550048828125,46,REBALANCE_EXIT,-1115.5,0.0,121.4101044921875,3.605880103417969,0.1214101044921875,9.189420336914061,0.6709122374238281,15.93,150.92772727443554,60.70505224609375,-1327.1327795205293,119
ROTATION,KPITTECH,2020-10-30,2020-11-27,94.19999694824219,106.9000015258789,506,REBALANCE_EXIT,6426.20231628418,0.0,101.75659922790527,3.0221709970687867,0.10175659922790528,7.149779768371581,0.5623069673334045,15.93,128.52261355990694,50.878299613952635,6246.80140311032,28
ROTATION,MUTHOOTFIN,2020-07-31,2020-12-31,1273.800048828125,1210.550048828125,33,REBALANCE_EXIT,-2087.25,0.0,81.98355322265625,2.434911530712891,0.08198355322265624,6.305310241699218,0.4530411151083984,15.93,107.18879966339941,40.99177661132813,-2235.4305762747276,153
ROTATION,BALKRISIND,2020-07-31,2021-01-29,1322.050048828125,1588.3499755859375,53,REBALANCE_EXIT,14113.896118164062,0.0,154.25120129394531,4.581260678430176,0.15425120129394532,10.510297888183592,0.8523921383503417,15.93,186.27940320020335,77.12560064697266,13850.491114316887,182
ROTATION,DRREDDY,2020-07-31,2021-01-29,904.2100219726562,920.5399780273438,79,REBALANCE_EXIT,1290.0665283203125,0.0,144.15525000000002,4.281410925,0.14415524999999998,10.714888760375976,0.7966019115,15.93,176.022306846876,72.07762500000001,1041.9665964734363,182
ROTATION,INFY,2020-11-27,2021-01-29,1100.0,1239.050048828125,92,REBALANCE_EXIT,12792.6044921875,0.0,215.1926044921875,6.391220353417969,0.2151926044921875,15.179999999999998,1.1891543324238283,15.93,254.09817178252146,107.59630224609376,12430.910018158884,63
ROTATION,TIINDIA,2020-12-31,2021-01-29,800.8499755859375,779.2000122070312,100,REBALANCE_EXIT,-2164.996337890625,0.0,158.0049987792969,4.692748463745117,0.15800499877929686,12.012749633789062,0.8731356232543945,15.93,191.67163749886475,79.00249938964845,-2435.670474779138,29
ROTATION,JSWSTEEL,2020-12-31,2021-01-29,387.20001220703125,366.8500061035156,150,REBALANCE_EXIT,-3052.5009155273438,0.0,113.10750274658204,3.3592928315734865,0.11310750274658202,8.712000274658202,0.6250320601776123,15.93,141.8469354157379,56.55375137329102,-3250.9016023163726,29
ROTATION,DIVISLAB,2020-10-30,2021-02-26,3142.050048828125,3363.10009765625,21,REBALANCE_EXIT,4642.051025390625,0.0,136.60815307617187,4.057262146362305,0.13660815307617186,9.897457653808592,0.7548966538989258,15.93,167.38437768331784,68.30407653808594,4406.362571169221,119
ROTATION,WIPRO,2021-02-26,2021-03-31,205.14999389648438,207.0749969482422,501,REBALANCE_EXIT,964.4265289306641,0.0,206.524720413208,6.133784196272278,0.206524720413208,15.417022041320799,1.1412556050033875,15.93,245.3533069762177,103.262360206604,615.8108617478424,33
ROTATION,TMPV,2021-02-26,2021-03-31,322.95001220703125,301.79998779296875,153,REBALANCE_EXIT,-3235.9537353515625,0.0,95.58675,2.838926475,0.09558675,7.411702780151367,0.5282123805,15.93,122.39117838565137,47.793375,-3406.138288737214,33
ROTATION,CIPLA,2021-02-26,2021-03-31,787.0499877929688,815.0999755859375,150,REBALANCE_EXIT,4207.4981689453125,0.0,240.32249450683594,7.137578086853027,0.24032249450683593,17.708624725341796,1.3280221046447753,15.93,282.66704191818235,120.16124725341797,3804.669879773712,33
ROTATION,HAVELLS,2021-02-26,2021-04-30,1105.550048828125,990.25,59,REBALANCE_EXIT,-6802.702880859375,0.0,123.65220288085938,3.6724704255615235,0.12365220288085937,9.784117932128906,0.6833020731196289,15.93,153.8457455145503,61.82610144042969,-7018.374727814355,63
ROTATION,CHOLAFIN,2021-05-31,2021-07-30,549.2999877929688,475.75,175,REBALANCE_EXIT,-12871.247863769531,0.0,179.38374786376954,5.327697311553955,0.1793837478637695,14.419124679565428,0.9912745906951903,15.93,216.23122819344792,89.69187393188477,-13177.170965894864,60
ROTATION,TIINDIA,2021-05-31,2021-08-31,1186.300048828125,1364.6500244140625,89,REBALANCE_EXIT,15873.147827148438,0.0,227.0345565185547,6.742926328601074,0.22703455651855467,15.837105651855467,1.254592959321533,15.93,267.0262160148513,113.51727825927735,15492.604332874309,92
ROTATION,DIXON,2020-07-31,2021-09-30,1526.739990234375,4611.89990234375,32,REBALANCE_EXIT,98725.1171875,0.0,196.4364765625,5.83416335390625,0.19643647656250002,7.328351953124999,1.085507969484375,15.93,226.81093631557815,98.21823828125,98400.08801290317,426
ROTATION,JSWSTEEL,2021-05-31,2021-10-29,710.9000244140625,669.1500244140625,126,REBALANCE_EXIT,-5260.5,0.0,173.88630615234376,5.164423292724609,0.17388630615234374,13.43601046142578,0.9608957277978515,15.93,209.55152194044433,86.94315307617188,-5556.994675016616,151
ROTATION,TATASTEEL,2021-05-31,2021-11-30,112.56500244140625,107.12000274658203,761,REBALANCE_EXIT,-4143.6447677612305,0.0,167.1802889480591,4.965254581757355,0.16718028894805909,12.849295028686523,0.9238382767269744,15.93,202.01585712417798,83.59014447402954,-4429.250769359438,183
ROTATION,POLYCAB,2021-07-30,2021-11-30,1850.6500244140625,2305.949951171875,42,REBALANCE_EXIT,19122.596923828125,0.0,174.5771989746094,5.184942809545898,0.17457719897460938,11.659095153808593,0.9647136015336915,15.93,208.49052773847217,87.2885994873047,18826.81779660235,123
ROTATION,BAJAJFINSV,2021-09-30,2021-11-30,1778.675048828125,1723.7349853515625,74,REBALANCE_EXIT,-4065.564697265625,0.0,259.17834252929686,7.697596773120117,0.25917834252929683,19.743293041992185,1.4322195208168944,15.93,304.24063020775543,129.58917126464843,-4499.394498738028,61
ROTATION,MAXHEALTH,2021-09-30,2021-11-30,359.54998779296875,380.20001220703125,240,REBALANCE_EXIT,4956.005859375,0.0,177.54000000000002,5.272938,0.17754,12.943799560546873,0.98108604,15.93,212.84536360054688,88.77000000000001,4654.390495774453,61
ROTATION,SRF,2021-10-29,2021-11-30,2117.300048828125,2005.8499755859375,60,REBALANCE_EXIT,-6687.00439453125,0.0,247.38900146484377,7.34745334350586,0.24738900146484374,19.055700439453123,1.3670716220947265,15.93,291.3366158713623,123.69450073242189,-7102.0355111350345,32
ROTATION,PERSISTENT,2020-10-30,2022-02-28,579.3250122070312,1968.9000244140625,92,REBALANCE_EXIT,127840.90112304688,0.0,234.43670336914062,6.962770090063477,0.23443670336914063,7.99468516845703,1.295497222817871,15.93,266.85409255384815,117.21835168457031,127456.82867880845,486
ROTATION,DEEPAKNTR,2020-10-30,2022-02-28,742.25,1999.050048828125,62,REBALANCE_EXIT,77921.60302734375,0.0,169.96060302734375,5.047829909912109,0.16996060302734375,6.902925,0.9392022923291017,15.93,198.9505208326123,84.98030151367188,77637.67220499746,486
ROTATION,TATAELXSI,2020-10-30,2022-02-28,1534.0999755859375,6431.85009765625,44,REBALANCE_EXIT,215501.00537109375,0.0,350.5018032226563,10.40990355571289,0.3505018032226562,10.125059838867186,1.9368729646083986,15.93,389.25414138506744,175.25090161132815,214936.50032809738,486
ROTATION,KPITTECH,2021-05-31,2022-02-28,243.3000030517578,568.5,315,REBALANCE_EXIT,102437.99903869629,0.0,255.7170009613037,7.59479492855072,0.2557170009613037,11.495925144195555,1.4130921473121643,15.93,292.4065301823235,127.85850048065186,102017.73400803331,273
ROTATION,GRASIM,2021-05-31,2022-02-28,1465.3734130859375,1592.169189453125,11,REBALANCE_EXIT,1394.7535400390625,0.0,33.632968627929685,0.9988991682495116,0.03363296862792969,2.4178661315917966,0.18585578463793945,15.93,53.19922268103687,16.816484313964843,1324.7378330440608,273
ROTATION,KPITTECH,2022-03-31,2022-04-29,601.0499877929688,553.8499755859375,159,REBALANCE_EXIT,-7504.801940917969,0.0,183.6290941772461,5.453784097064209,0.1836290941772461,14.335042208862303,1.0147343744234618,15.93,220.54628395177332,91.81454708862304,-7817.162771958365,29
ROTATION,TATAELXSI,2022-03-31,2022-04-29,8840.150390625,7746.0,10,REBALANCE_EXIT,-10941.50390625,0.0,165.86150390625,4.926086666015625,0.16586150390624999,13.2602255859375,0.9165506705859374,15.93,201.06022833269532,82.930751953125,-11225.49488653582,29
ROTATION,SRF,2022-03-31,2022-04-29,2679.35009765625,2512.699951171875,46,REBALANCE_EXIT,-7665.90673828125,0.0,238.83430224609376,7.093378776708985,0.23883430224609375,18.487515673828124,1.319798354211914,15.93,281.9038293530889,119.41715112304688,-8067.227718757385,29
ROTATION,PERSISTENT,2022-03-31,2022-04-29,2382.64990234375,2160.324951171875,54,REBALANCE_EXIT,-12005.54736328125,0.0,245.32064208984374,7.286023070068359,0.24532064208984372,19.29946420898437,1.3556418681884765,15.93,289.4370918791748,122.66032104492187,-12417.644776205347,29
ROTATION,TITAN,2022-03-31,2022-04-29,2536.14990234375,2458.199951171875,65,REBALANCE_EXIT,-5066.746826171875,0.0,324.63274047851564,9.641592392211914,0.32463274047851565,24.72746154785156,1.7939205238842773,15.93,377.05034768294195,162.31637023925782,-5606.113544094074,29
ROTATION,HINDALCO,2022-03-31,2022-04-29,569.5,482.6499938964844,225,REBALANCE_EXIT,-19541.251373291016,0.0,236.73374862670897,7.030992334213257,0.23673374862670898,19.220625,1.3081906949111937,15.93,280.4602904044602,118.36687431335449,-19940.078538008827,29
ROTATION,PAGEIND,2022-03-31,2022-04-29,43189.3515625,45578.75,3,REBALANCE_EXIT,7168.1953125,0.0,266.3043046875,7.90923784921875,0.2663043046875,19.435208203124997,1.4715975877031249,15.93,311.3166526322344,133.15215234375,6723.726507524016,29
ROTATION,ONGC,2022-03-31,2022-04-29,163.89999389648438,160.4499969482422,724,REBALANCE_EXIT,-2497.7977905273438,0.0,234.82939337158206,6.974432983135987,0.23482939337158204,17.7995393371582,1.2976672277713623,15.93,277.0658623130191,117.41469668579103,-2892.278349526154,29
ROTATION,SOLARINDS,2022-03-31,2022-04-29,2796.5,2760.89990234375,55,REBALANCE_EXIT,-1958.00537109375,0.0,305.65699462890626,9.078012740478517,0.3056569946289062,23.071125,1.689060552319336,15.93,355.73084991633306,152.82849731445313,-2466.5647183245364,29
ROTATION,POLYCAB,2022-03-31,2022-04-29,2364.39990234375,2486.14990234375,65,REBALANCE_EXIT,7913.75,0.0,315.2857373046875,9.363986397949219,0.3152857373046875,23.05289904785156,1.742268984345703,15.93,365.69017747213866,157.64286865234374,7390.416953875517,29
ROTATION,TATAELXSI,2022-07-29,2022-09-30,8690.0498046875,8556.4501953125,10,REBALANCE_EXIT,-1335.99609375,0.0,172.465,5.1222104999999996,0.17246499999999998,13.03507470703125,0.95304159,15.93,207.67779179703126,86.2325,-1629.9063855470313,63
ROTATION,TIINDIA,2022-07-29,2022-09-30,2082.0,2744.35009765625,39,REBALANCE_EXIT,25831.65380859375,0.0,188.22765380859374,5.590361318115235,0.18822765380859374,12.179699999999999,1.040146014946289,15.93,223.15608879546386,94.11382690429687,25514.383892893988,63
ROTATION,COALINDIA,2022-07-29,2022-09-30,211.25,212.25,529,REBALANCE_EXIT,529.0,0.0,224.0315,6.65373555,0.2240315,16.7626875,1.237998069,15.93,264.83995261900003,112.01575,152.14429738099997,63
ROTATION,BEL,2022-07-29,2022-09-30,91.73332977294922,100.94999694824219,1408,REBALANCE_EXIT,12977.0673828125,0.0,271.2981240234375,8.057554283496094,0.27129812402343745,19.374079248046872,1.4991934333535157,15.93,316.43024911235744,135.64906201171874,12524.988071688424,63
ROTATION,CUMMINSIND,2022-07-29,2022-09-30,1226.8499755859375,1195.8499755859375,125,REBALANCE_EXIT,-3875.0,0.0,302.8374938964844,8.994273568725585,0.3028374938964844,23.003437042236325,1.6734799912719724,15.93,352.7415219926148,151.4187469482422,-4379.160268940857,63
ROTATION,ADANIENT,2022-10-31,2022-12-30,3347.449951171875,3858.35009765625,38,REBALANCE_EXIT,19414.20556640625,0.0,273.82040185546873,8.132465935107422,0.27382040185546874,19.080464721679686,1.5131315406533203,15.93,318.7502844547646,136.91020092773437,18958.545081023753,60
ROTATION,TIINDIA,2022-10-31,2022-12-30,2743.25,2775.550048828125,38,REBALANCE_EXIT,1227.40185546875,0.0,209.71440185546874,6.228517735107422,0.20971440185546875,15.636524999999999,1.1588817846533201,15.93,248.87804077708495,104.85720092773437,873.6666137639306,60
ROTATION,KPITTECH,2022-10-31,2022-12-30,709.25,704.25,147,REBALANCE_EXIT,-735.0,0.0,207.78449999999998,6.17119965,0.20778449999999998,15.638962499999998,1.148217147,15.93,246.880663797,103.89224999999999,-1085.772913797,60
ROTATION,BEL,2022-10-31,2022-12-30,106.8499984741211,99.9000015258789,1349,REBALANCE_EXIT,-9375.545883178711,0.0,278.90575,8.283500775,0.27890574999999995,21.621097191238402,1.5412331744999999,15.93,326.5604868907384,139.452875,-9841.55924506945,60
ROTATION,COALINDIA,2022-11-30,2022-12-30,227.25,225.0500030517578,517,REBALANCE_EXIT,-1137.398422241211,0.0,233.8391015777588,6.945021316859435,0.23383910157775878,17.6232375,1.292194875318695,15.93,275.8633943715147,116.9195507888794,-1530.181367401605,30
ROTATION,ITC,2022-07-29,2023-02-28,291.81146240234375,362.73016357421875,644,REBALANCE_EXIT,45671.6435546875,0.0,421.5248071289062,12.519286771728515,0.4215248071289062,28.188987268066406,2.3293460841943356,15.93,480.91395206002437,210.7624035644531,44979.96719906302,214
ROTATION,TVSMOTOR,2022-07-29,2023-02-28,908.0499877929688,1080.300048828125,152,REBALANCE_EXIT,26182.00927734375,0.0,302.2292055664063,8.976207405322267,0.3022292055664062,20.703539721679686,1.670118589959961,15.93,349.8113004889346,151.11460278320314,25681.08337407161,214
ROTATION,HAL,2022-07-29,2023-02-28,1012.5,1287.1500244140625,104,REBALANCE_EXIT,28563.6025390625,0.0,239.16360253906248,7.103158995410157,0.2391636025390625,15.794999999999998,1.3216180676308595,15.93,279.5525432046426,119.58180126953124,28164.468194588328,214
ROTATION,M&M,2022-07-29,2023-02-28,1164.449951171875,1269.5999755859375,112,REBALANCE_EXIT,11776.802734375,0.0,272.613591796875,8.096623676367187,0.27261359179687494,19.562759179687497,1.5064627082695312,15.93,317.98205095299613,136.3067958984375,11322.513887523566,214
ROTATION,SOLARINDS,2022-07-29,2023-02-28,2742.10009765625,3919.85009765625,45,REBALANCE_EXIT,52998.75,0.0,299.78775878906254,8.903696436035156,0.2997877587890625,18.509175659179686,1.6566271550683593,15.93,345.0870457981348,149.89387939453127,52503.76907480733,214
ROTATION,GODREJCP,2023-04-28,2023-05-31,907.5,1058.3499755859375,194,REBALANCE_EXIT,29264.895263671875,0.0,381.3748952636719,11.326834389331054,0.38137489526367185,26.40825,2.1074776712270507,15.93,437.52883221949367,190.68744763183594,28636.678983820544,33
ROTATION,BOSCHLTD,2023-04-28,2023-06-30,19371.849609375,19042.349609375,9,REBALANCE_EXIT,-2965.5,0.0,345.72779296875,10.268115451171875,0.34572779296875,26.15199697265625,1.9104917839453126,15.93,400.3341249694922,172.863896484375,-3538.698021453867,63
ROTATION,TVSMOTOR,2023-04-28,2023-08-31,1138.3499755859375,1419.9000244140625,118,REBALANCE_EXIT,33222.90576171875,0.0,301.87350000000004,8.96564295,0.3018735,20.148794567871093,1.668152961,15.93,348.88796397887114,150.93675000000002,32723.081047739877,125
ROTATION,SUPREMEIND,2023-04-28,2023-08-31,2721.800048828125,4457.7001953125,49,REBALANCE_EXIT,85059.10717773438,0.0,351.7955119628906,10.448326705297852,0.3517955119628906,20.005230358886717,1.9440219991069334,15.93,400.47488653814503,175.8977559814453,84482.73453521478,125
ROTATION,BRITANNIA,2023-04-28,2023-08-31,4553.5498046875,4467.75,38,REBALANCE_EXIT,-3260.392578125,0.0,342.809392578125,10.181438959570311,0.342809392578125,25.955233886718748,1.8943647033867186,15.93,397.11323952037895,171.4046962890625,-3828.9105139344415,125
ROTATION,IDFCFIRSTB,2023-05-31,2023-08-31,71.6500015258789,93.3499984741211,2051,REBALANCE_EXIT,44506.69374084473,0.0,338.41499999999996,10.0509255,0.338415,22.043122969436645,1.87008129,15.93,388.64754475943664,169.20749999999998,43948.838696085295,92
ROTATION,CHOLAFIN,2023-06-30,2023-08-31,1142.0,1121.8499755859375,114,REBALANCE_EXIT,-2297.102783203125,0.0,258.0788972167969,7.664943247338868,0.2580788972167969,19.5282,1.4261439860200196,15.93,302.8862633473726,129.03944860839846,-2729.028495158896,62
ROTATION,CUMMINSIND,2023-04-28,2023-09-29,1575.6500244140625,1696.300048828125,83,REBALANCE_EXIT,10013.952026367188,0.0,271.57185607910156,8.065684125549316,0.27157185607910156,19.616842803955077,1.500706076693115,15.93,316.9566609413782,135.78592803955078,9561.209437386258,154
ROTATION,ITC,2023-04-28,2023-09-29,409.7685852050781,427.9195251464844,426,REBALANCE_EXIT,7732.3004150390625,0.0,356.8551350097656,10.59859750979004,0.3568551350097656,26.18421259460449,1.971981476063965,15.93,411.89678172523395,178.4275675048828,7141.976065808945,154
ROTATION,IDFCFIRSTB,2023-09-29,2023-10-31,95.5,82.69999694824219,1861,REBALANCE_EXIT,-23820.80567932129,0.0,331.6301943206787,9.849416771324158,0.3316301943206787,26.658824999999997,1.8325884538160706,15.93,386.23265474013965,165.81509716033935,-24372.853431221767,32
ROTATION,LUPIN,2023-09-29,2023-10-31,1171.25,1128.1500244140625,166,REBALANCE_EXIT,-7154.595947265625,0.0,381.70040405273437,11.336502000366211,0.38170040405273437,29.164125,2.10927643279541,15.93,440.6220078899488,190.85020202636719,-7786.0681571819405,32
ROTATION,AUROPHARMA,2023-09-29,2023-10-31,914.3499755859375,849.5,180,REBALANCE_EXIT,-11672.99560546875,0.0,317.49299560546876,9.429541969482422,0.31749299560546873,24.68744934082031,1.7544662937158202,15.93,369.61194620509275,158.74649780273438,-12201.354049476577,32
ROTATION,TRENT,2023-09-29,2023-10-31,2080.14990234375,2154.699951171875,85,REBALANCE_EXIT,6336.754150390625,0.0,359.9622375488281,10.690878455200195,0.3599622375488281,26.52191125488281,1.989151324694824,15.93,415.4541408211548,179.98111877441406,5741.318890795056,32
ROTATION,TMPV,2023-09-29,2023-10-31,630.2000122070312,628.6500244140625,368,REBALANCE_EXIT,-570.3955078125,0.0,463.2568134765625,13.758727360253907,0.46325681347656245,34.78704067382812,2.559957151271484,15.93,530.7557954753926,231.62840673828126,-1332.7797100261737,32
ROTATION,SUPREMEIND,2023-09-29,2024-01-31,4121.5,4129.9501953125,28,REBALANCE_EXIT,236.60546875,0.0,231.04060546875002,6.8619059824218755,0.23104060546875,17.310299999999998,1.2767303858203125,15.93,272.650582442461,115.52030273437501,-151.56541642683598,124
ROTATION,POLYCAB,2023-09-29,2024-01-31,5343.0498046875,4343.14990234375,22,REBALANCE_EXIT,-21997.7978515625,0.0,213.0963935546875,6.328962888574219,0.21309639355468749,17.63206435546875,1.177570670783203,15.93,254.37808786306837,106.54819677734375,-22358.724136202913,124
ROTATION,KPITTECH,2023-04-28,2024-02-29,916.7999877929688,1570.550048828125,74,REBALANCE_EXIT,48377.50451660156,0.0,184.06390270996093,5.4666979104858395,0.18406390270996092,10.176479864501951,1.0171371263752442,15.93,216.83828151403395,92.03195135498046,48068.63428373254,307
ROTATION,LT,2023-04-28,2024-03-28,2364.39990234375,3763.89990234375,76,REBALANCE_EXIT,106362.0,0.0,465.75078515625,13.832798319140625,0.46575078515625,26.954158886718748,2.5737388387734375,15.93,525.5072319860391,232.875392578125,105603.61737543585,335
ROTATION,AUROPHARMA,2023-11-30,2024-04-30,1041.550048828125,1153.5,151,REBALANCE_EXIT,16904.442626953125,0.0,331.4525573730469,9.844140953979492,0.33145255737304685,23.59110860595703,1.831606832043457,15.93,382.98086632239995,165.72627868652344,16355.735481944203,152
ROTATION,TVSMOTOR,2023-11-30,2024-05-31,1864.5,2179.25,124,REBALANCE_EXIT,39029.0,0.0,501.42500000000007,14.892322499999999,0.501425,34.6797,2.77087455,15.93,570.19932205,250.71250000000003,38208.08817795,183
ROTATION,TMPV,2024-02-29,2024-09-30,950.2000122070312,974.6500244140625,119,REBALANCE_EXIT,2909.5514526367188,0.0,229.05715435791015,6.802997484429932,0.22905715435791013,16.961070217895507,1.2657698349818114,15.93,270.24604904957533,114.52857717895508,2524.7768264081883,214
ROTATION,COALINDIA,2024-01-31,2024-10-31,406.1499938964844,452.04998779296875,193,REBALANCE_EXIT,8858.698822021484,0.0,165.63259646606446,4.919288115042114,0.16563259646606443,11.758042323303222,0.9152857280714721,15.93,199.32084522894732,82.81629823303223,8576.561678559505,274
ROTATION,BEL,2024-03-28,2024-10-31,201.5,284.8999938964844,1055,REBALANCE_EXIT,87986.99356079102,0.0,513.1519935607911,15.240614208755494,0.513151993560791,31.887375,2.8356779164169312,15.93,579.5588126795243,256.57599678039554,87150.8587513311,217
ROTATION,CUMMINSIND,2024-04-30,2024-10-31,3275.449951171875,3500.60009765625,69,REBALANCE_EXIT,15535.360107421875,0.0,467.5474533691406,13.886159365063477,0.4675474533691406,33.900906994628905,2.583667227317871,15.93,534.31573440952,233.7737266845703,14767.270646327785,184
ROTATION,DIXON,2024-05-31,2024-10-31,9396.349609375,14061.599609375,22,REBALANCE_EXIT,102635.5,0.0,516.0748828125,15.32742401953125,0.5160748828125,31.007953710937496,2.851829802421875,15.93,581.7081652282031,258.03744140625,101795.75439336554,153
ROTATION,TORNTPHARM,2024-09-30,2024-10-31,3396.550048828125,3202.64990234375,57,REBALANCE_EXIT,-11052.308349609375,0.0,376.15439721679684,11.171785597338868,0.3761543972167969,29.040502917480467,2.0786291990200194,15.93,434.751469327853,188.07719860839842,-11675.137017545627,31
ROTATION,HAL,2023-04-28,2024-11-29,1460.0999755859375,4476.85009765625,65,REBALANCE_EXIT,196088.7579345703,0.0,385.9017547607422,11.461282116394042,0.3859017547607422,14.23597476196289,2.132493096807861,15.93,430.04740649066775,192.9508773803711,195465.75965069927,581
ROTATION,NTPC,2023-11-30,2024-11-29,261.29998779296875,363.6499938964844,749,REBALANCE_EXIT,76660.1545715332,0.0,468.08753628540035,13.902199827676391,0.46808753628540034,29.357053628540037,2.5866517255131227,15.93,530.3315290034154,234.04376814270017,75895.77927438708,365
ROTATION,BAJAJ-AUTO,2023-11-30,2024-11-29,6090.5498046875,9033.650390625,30,REBALANCE_EXIT,88293.017578125,0.0,453.726005859375,13.475662374023438,0.45372600585937495,27.40747412109375,2.5072899083789064,15.93,513.5001582687305,226.8630029296875,87552.65441692658,365
ROTATION,LUPIN,2023-11-30,2024-12-31,1280.9000244140625,2355.699951171875,160,REBALANCE_EXIT,171967.98828125,0.0,581.85599609375,17.281123083984376,0.5818559960937499,30.741600585937498,3.215336234414062,15.93,649.6059119941797,290.927998046875,171027.45437120894,397
ROTATION,TRENT,2024-01-31,2024-12-31,3086.949951171875,7123.35009765625,64,REBALANCE_EXIT,258329.609375,0.0,653.459203125,19.4077383328125,0.6534592031249999,29.63471953125,3.6110155564687503,15.93,722.6961357486563,326.7296015625,257280.18363768887,335
ROTATION,DIXON,2024-11-29,2024-12-31,15807.400390625,17936.30078125,30,REBALANCE_EXIT,63867.01171875,0.0,1012.31103515625,30.065637744140624,1.0123110351562499,71.13330175781249,5.594030780273437,15.93,1136.046316473633,506.155517578125,62224.80988469824,32
ROTATION,JUBLFOOD,2025-04-30,2025-05-30,715.4000244140625,655.5499877929688,316,REBALANCE_EXIT,-18912.611572265625,0.0,433.2202038574219,12.86664005456543,0.4332202038574219,33.90996115722656,2.3939748465161133,15.93,498.75400011958743,216.61010192871095,-19627.975674313926,30
ROTATION,MAXHEALTH,2025-04-30,2025-06-30,1098.199951171875,1276.0,160,REBALANCE_EXIT,28448.0078125,0.0,379.87199218750004,11.28219816796875,0.3798719921875,26.356798828124997,2.099172628828125,15.93,435.9200338046094,189.93599609375002,27822.15178260164,61
ROTATION,JSWSTEEL,2025-04-30,2025-06-30,1029.800048828125,1020.5,270,REBALANCE_EXIT,-2511.01318359375,0.0,553.5810131835938,16.441356091552734,0.5535810131835937,41.70690197753906,3.059088678852539,15.93,631.2719409447217,276.7905065917969,-3419.0756311302684,61
ROTATION,SOLARINDS,2025-05-30,2025-07-31,16104.0,14220.0,16,REBALANCE_EXIT,-30144.0,0.0,485.18399999999997,14.409964800000001,0.485184,38.6496,2.681126784,15.93,557.3398755840001,242.59199999999998,-30943.931875584,62
ROTATION,SRF,2025-05-30,2025-07-31,2861.0,3040.800048828125,96,REBALANCE_EXIT,17260.8046875,0.0,566.5728046875,16.82721229921875,0.5665728046875,41.1984,3.130881318703125,15.93,644.2258711101094,283.28640234375,16333.29241404614,62
ROTATION,BEL,2025-06-30,2025-07-31,421.5,383.1000061035156,662,REBALANCE_EXIT,-25420.795959472656,0.0,532.6452040405273,15.819562560003662,0.5326452040405273,41.854949999999995,2.943397397527954,15.93,609.7257592020994,266.3226020202637,-26296.844320695018,31
ROTATION,KOTAKBANK,2025-04-30,2025-08-29,441.6199951171875,392.05999755859375,775,REBALANCE_EXIT,-38408.998107910156,0.0,646.1019943237304,19.189229231414796,0.6461019943237305,51.33832443237304,3.5703596206329347,15.93,736.776009602475,323.0509971618652,-39468.825114674495,121
ROTATION,DIVISLAB,2025-04-30,2025-09-30,6087.0,5689.5,38,REBALANCE_EXIT,-15105.0,0.0,447.507,13.2909579,0.447507,34.695899999999995,2.472923682,15.93,514.344288582,223.7535,-15843.097788582001,153
ROTATION,BHARTIARTL,2025-04-30,2025-10-31,1864.5,2054.5,158,REBALANCE_EXIT,30020.0,0.0,619.202,18.3902994,0.619202,44.188649999999996,3.4217102520000005,15.93,701.7518616519999,309.601,29008.647138348002,184
ROTATION,BOSCHLTD,2025-08-29,2025-11-28,39960.0,36110.0,14,REBALANCE_EXIT,-53900.0,0.0,1064.98,31.629906,1.0649799999999998,83.916,5.88507948,15.93,1203.4059654799998,532.49,-55635.89596548,91
ROTATION,BAJFINANCE,2025-04-30,2026-01-30,863.4500122070312,929.8499755859375,340,REBALANCE_EXIT,22575.987548828125,0.0,609.7219958496094,18.1087432767334,0.6097219958496094,44.03595062255859,3.3693237490649413,15.93,691.7757354938159,304.8609979248047,21579.350815409507,275
ROTATION,HINDALCO,2025-11-28,2026-01-30,808.4000244140625,962.5999755859375,328,REBALANCE_EXIT,50577.583984375,0.0,580.888,17.252373600000002,0.5808880000000001,39.77328120117187,3.209987088,15.93,657.6345298891719,290.444,49629.50545448583,63
ROTATION,TVSMOTOR,2025-11-28,2026-01-30,3531.5,3677.39990234375,94,REBALANCE_EXIT,13714.5908203125,0.0,677.6365908203124,20.12580674736328,0.6776365908203125,49.794149999999995,3.7446198008730462,15.93,767.9088039593692,338.8182954101562,12607.863720942974,63
ROTATION,BHARTIARTL,2025-11-28,2026-01-30,2101.60009765625,1968.699951171875,32,REBALANCE_EXIT,-4252.8046875,0.0,130.2496015625,3.86841316640625,0.13024960156249998,10.08768046875,0.719759298234375,15.93,160.9857040974531,65.12480078125,-4478.915192378703,63
ROTATION,SBIN,2025-11-28,2026-01-30,979.0,1077.1500244140625,5,REBALANCE_EXIT,490.7501220703125,0.0,10.280750122070312,0.3053382786254883,0.010280750122070312,0.73425,0.056811425174560545,15.93,27.317430575992432,5.140375061035156,458.2923164332849,63
ROTATION,MUTHOOTFIN,2025-04-30,2026-02-27,2169.89990234375,3353.5,97,REBALANCE_EXIT,114809.20947265625,0.0,535.7697905273437,15.91236277866211,0.5357697905273437,31.57204357910156,2.9606638624541017,15.93,602.6806305380888,267.88489526367186,113938.64394685448,303
ROTATION,MARUTI,2025-09-30,2026-02-27,16029.0,14857.0,35,REBALANCE_EXIT,-41020.0,0.0,1081.01,32.105997,1.08101,84.15225,5.97366126,15.93,1220.25291826,540.505,-42780.757918259995,150
ROTATION,EICHERMOT,2025-10-31,2026-02-27,7007.0,8010.5,52,REBALANCE_EXIT,52182.0,0.0,780.9100000000001,23.193027,0.78091,54.654599999999995,4.3153086599999995,15.93,879.78384566,390.45500000000004,50911.76115434,119
ROTATION,BEL,2025-10-31,2026-02-27,426.1000061035156,444.70001220703125,686,REBALANCE_EXIT,12759.604187011719,0.0,597.3688125610352,17.741853733062747,0.5973688125610351,43.845690628051756,3.30106005821228,15.93,678.784785792923,298.6844062805176,11782.134994938278,119
ROTATION,CUMMINSIND,2025-10-31,2026-02-27,4344.10009765625,4898.2998046875,80,REBALANCE_EXIT,44335.9765625,0.0,739.3919921875,21.959942167968748,0.7393919921875,52.129201171874996,4.0858801488281244,15.93,834.2364076683593,369.69599609375,43132.04415873789,119
